{"cameraMode":{"drawMode":0,"name":"Shaded","section":"Shading Mode"},"sceneLighting":true,"audioPlay":false,"sceneViewState":{"showFog":true,"showMaterialUpdate":true,"showSkybox":true,"showFlares":true,"showImageEffects":true,"showParticleSystems":true},"in2DMode":false,"pivot":{"x":-0.7705326080322266,"y":-2.490980625152588,"z":-3.3052291870117189},"rotation":{"x":-0.10006558895111084,"y":-0.878671407699585,"z":0.20954376459121705,"w":-0.4175557792186737},"size":14.641654014587403,"orthographic":false}