{"cameraMode":{"drawMode":0,"name":"Shaded","section":"Shading Mode"},"sceneLighting":true,"audioPlay":false,"sceneViewState":{"showFog":true,"showMaterialUpdate":true,"showSkybox":true,"showFlares":true,"showImageEffects":true,"showParticleSystems":true},"in2DMode":false,"pivot":{"x":8.787751197814942,"y":-4.101268768310547,"z":-3.9268741607666017},"rotation":{"x":-0.08424482494592667,"y":-0.9016305208206177,"z":0.20220932364463807,"w":-0.37338384985923769},"size":26.46391487121582,"orthographic":false}