{"cameraMode":{"drawMode":0,"name":"Shaded","section":"Shading Mode"},"sceneLighting":true,"audioPlay":false,"sceneViewState":{"showFog":true,"showMaterialUpdate":true,"showSkybox":true,"showFlares":true,"showImageEffects":true,"showParticleSystems":true},"in2DMode":false,"pivot":{"x":9.368735313415528,"y":-5.2596588134765629,"z":0.08106112480163574},"rotation":{"x":-0.13241255283355714,"y":-0.7132080793380737,"z":0.13987666368484498,"w":-0.6740593314170837},"size":27.347463607788087,"orthographic":false}