{"cameraMode":{"drawMode":0,"name":"Shaded","section":"Shading Mode"},"sceneLighting":true,"audioPlay":false,"sceneViewState":{"showFog":true,"showMaterialUpdate":true,"showSkybox":true,"showFlares":true,"showImageEffects":true,"showParticleSystems":true},"in2DMode":false,"pivot":{"x":-1.6812247037887574,"y":1.4942195415496827,"z":0.7946047186851502},"rotation":{"x":0.004772430285811424,"y":-0.9948055744171143,"z":0.08408085256814957,"w":0.05856189876794815},"size":5.952076435089111,"orthographic":false}