{"cameraMode":{"drawMode":0,"name":"Shaded","section":"Shading Mode"},"sceneLighting":true,"audioPlay":false,"sceneViewState":{"showFog":true,"showMaterialUpdate":true,"showSkybox":true,"showFlares":true,"showImageEffects":true,"showParticleSystems":true},"in2DMode":false,"pivot":{"x":-0.514712393283844,"y":-0.23743882775306703,"z":-0.19736884534358979},"rotation":{"x":-0.030651936307549478,"y":0.955990731716156,"z":-0.10834068804979325,"w":-0.2716633379459381},"size":10.436039924621582,"orthographic":false}