{"cameraMode":{"drawMode":0,"name":"Shaded","section":"Shading Mode"},"sceneLighting":true,"audioPlay":false,"sceneViewState":{"showFog":true,"showMaterialUpdate":true,"showSkybox":true,"showFlares":true,"showImageEffects":true,"showParticleSystems":true},"in2DMode":false,"pivot":{"x":2.8472609519958498,"y":-1.595809817314148,"z":-2.613036870956421},"rotation":{"x":0.1452762335538864,"y":-0.6372371912002564,"z":0.1242150217294693,"w":0.7466881275177002},"size":5.851538181304932,"orthographic":false}