{"cameraMode":{"drawMode":0,"name":"Shaded","section":"Shading Mode"},"sceneLighting":true,"audioPlay":false,"sceneViewState":{"showFog":true,"showMaterialUpdate":true,"showSkybox":true,"showFlares":true,"showImageEffects":true,"showParticleSystems":true},"in2DMode":false,"pivot":{"x":4.898204326629639,"y":0.8733293414115906,"z":0.09901933372020722},"rotation":{"x":0.1302124708890915,"y":-0.501873791217804,"z":0.07692652195692063,"w":0.8517043590545654},"size":4.6515374183654789,"orthographic":false}