{"cameraMode":{"drawMode":0,"name":"Shaded","section":"Shading Mode"},"sceneLighting":true,"audioPlay":false,"sceneViewState":{"showFog":true,"showMaterialUpdate":true,"showSkybox":true,"showFlares":true,"showImageEffects":true,"showParticleSystems":true},"in2DMode":false,"pivot":{"x":0.10768790543079376,"y":0.18387554585933686,"z":-7.129511833190918},"rotation":{"x":-0.03921518847346306,"y":-0.9526198506355286,"z":0.13684196770191194,"w":-0.2694511413574219},"size":16.64105796813965,"orthographic":false}