{"cameraMode":{"drawMode":0,"name":"Shaded","section":"Shading Mode"},"sceneLighting":true,"audioPlay":false,"sceneViewState":{"showFog":true,"showMaterialUpdate":true,"showSkybox":true,"showFlares":true,"showImageEffects":true,"showParticleSystems":true},"in2DMode":false,"pivot":{"x":-0.7922305464744568,"y":1.9538395404815674,"z":5.399024486541748},"rotation":{"x":0.00633151363581419,"y":-0.9906655550003052,"z":0.12732017040252686,"w":0.05087633058428764},"size":5.0520758628845219,"orthographic":false}