{"cameraMode":{"drawMode":0,"name":"Shaded","section":"Shading Mode"},"sceneLighting":true,"audioPlay":false,"sceneViewState":{"showFog":true,"showMaterialUpdate":true,"showSkybox":true,"showFlares":true,"showImageEffects":true,"showParticleSystems":true},"in2DMode":false,"pivot":{"x":-3.2495689392089845,"y":-1.4642622470855713,"z":0.5469708442687988},"rotation":{"x":0.08343509584665299,"y":-0.8170161247253418,"z":0.12258506566286087,"w":0.5575167536735535},"size":9.556593894958496,"orthographic":false}